TimePeriod,Direct consumption [W],Discharge battery [W],Charge battery [W],BatteryStateOfCharge,TotalConsumption,TotalGeneration
20/01/2022 12.15 AM,0,776.44,0,59,776.44,0
20/01/2022 12.30 AM,0,767.36,0,58,767.36,0
20/01/2022 12.45 AM,0,756.05,0,57,756.05,0
20/01/2022 01.00 AM,0,747.03,0,56,747.03,0
20/01/2022 01.15 AM,0,730.22,0,55,730.22,0
20/01/2022 01.30 AM,0,719.31,0,54,719.31,0
20/01/2022 01.45 AM,0,702.06,0,53,702.06,0
20/01/2022 02.00 AM,0,700,0,52,700,0
20/01/2022 02.15 AM,0,680.59,0,51,680.59,0
20/01/2022 02.30 AM,0,659.06,0,50,659.06,0
20/01/2022 02.45 AM,0,661.42,0,49,661.42,0
20/01/2022 03.00 AM,0,649.31,0,48,649.31,0
20/01/2022 03.15 AM,0,647.63,0,48,647.63,0
20/01/2022 03.30 AM,0,667.88,0,47,667.88,0
20/01/2022 03.45 AM,0,670.03,0,46,670.03,0
20/01/2022 04.00 AM,0,666.57,0,45,666.57,0
20/01/2022 04.15 AM,0,664.59,0,44,664.59,0
20/01/2022 04.30 AM,0,633.54,0,43,633.54,0
20/01/2022 04.45 AM,0,626.81,0,42,626.81,0
20/01/2022 05.00 AM,0,629.25,0,41,629.25,0
20/01/2022 05.15 AM,0,625.93,0,40,625.93,0
20/01/2022 05.30 AM,0,545.14,0,40,545.14,0
20/01/2022 05.45 AM,40.1,399.99,0,39,440.09,40.1
20/01/2022 06.00 AM,206.58,124.7,0,39,331.28,206.58
20/01/2022 06.15 AM,328.88,14.54,50.54,35,343.42,379.42
20/01/2022 06.30 AM,293.24,0,495.69,34,293.24,788.93
20/01/2022 06.45 AM,280.56,0,"1,277.53",35,280.56,"1,558.09"
20/01/2022 07.00 AM,264.63,0,"1,935.56",37,264.63,"2,200.19"
20/01/2022 07.15 AM,328.74,0,"2,592.60",40,328.74,"2,921.34"
20/01/2022 07.30 AM,295.48,0,"3,373.94",43,295.48,"3,669.42"
20/01/2022 07.45 AM,388.38,0,"4,065.79",48,388.38,"4,454.17"
20/01/2022 08.00 AM,470.04,0,"4,726.18",53,470.04,"5,196.22"
20/01/2022 08.15 AM,459.51,0,"5,315.72",58,459.51,"5,775.23"
20/01/2022 08.30 AM,416.56,0,"5,891.24",64,416.56,"6,307.80"
20/01/2022 08.45 AM,402.52,0,"5,847.01",71,402.52,"6,249.53"
20/01/2022 09.00 AM,409.82,0,"5,965.70",77,409.82,"6,375.52"
20/01/2022 09.15 AM,405.36,0,"6,000.19",83,405.36,"6,405.55"
20/01/2022 09.30 AM,367.23,0,"3,202.13",90,367.23,"3,569.36"
20/01/2022 09.45 AM,356.26,0,560.73,96,356.26,916.99
20/01/2022 10.00 AM,363.53,0,277.47,96,363.53,640.99
20/01/2022 10.15 AM,408.59,0,167.12,97,408.59,575.71
20/01/2022 10.30 AM,396.54,0,130.28,97,396.54,526.82
20/01/2022 10.45 AM,396.19,0,77.64,96,396.19,473.83
20/01/2022 11.00 AM,471.53,1.41,33.68,95,472.94,505.21
20/01/2022 11.15 AM,539.38,15.01,1.59,95,554.39,540.98
20/01/2022 11.30 AM,517.5,12,1.91,95,529.5,519.41
20/01/2022 11.45 AM,517.69,12.26,1.85,95,529.95,519.54
20/01/2022 12.00 PM,530.29,10.77,1.13,94,541.06,531.42
20/01/2022 12.15 PM,545.52,12.06,0.15,94,557.58,545.67
20/01/2022 12.30 PM,563.68,10.31,7.47,94,573.98,571.14
20/01/2022 12.45 PM,567.62,0,47.25,94,567.62,614.87
20/01/2022 01.00 PM,577.15,0,55.25,94,577.15,632.4
20/01/2022 01.15 PM,561.45,0,62.51,94,561.45,623.96
20/01/2022 01.30 PM,541.43,0,80.66,94,541.43,622.09
20/01/2022 01.45 PM,492.94,0,108.47,94,492.94,601.42
20/01/2022 02.00 PM,499.83,0,106.64,94,499.83,606.48
20/01/2022 02.15 PM,426.44,0,130.29,94,426.44,556.73
20/01/2022 02.30 PM,411.44,0,117.67,94,411.44,529.12
20/01/2022 02.45 PM,398.91,0,80.16,94,398.91,479.06
20/01/2022 03.00 PM,371.06,0.12,65.15,94,371.18,436.21
20/01/2022 03.15 PM,396.96,7.42,29.23,94,404.37,426.18
20/01/2022 03.30 PM,380.08,3.67,36.55,94,383.74,416.63
20/01/2022 03.45 PM,399.09,9.94,20.55,94,409.03,419.64
20/01/2022 04.00 PM,397.21,8.52,24.47,94,405.73,421.68
20/01/2022 04.15 PM,372.71,1.91,53.69,94,374.62,426.41
20/01/2022 04.30 PM,364.4,0,64.96,94,364.4,429.36
20/01/2022 04.45 PM,358.82,0.22,73.54,94,359.03,432.36
20/01/2022 05.00 PM,354.33,0,86.15,94,354.33,440.48
20/01/2022 05.15 PM,369.27,0,83.63,94,369.27,452.89
20/01/2022 05.30 PM,352.12,2.42,53.22,94,354.53,405.33
20/01/2022 05.45 PM,397.58,9.65,16.48,94,407.23,414.06
20/01/2022 06.00 PM,278.01,152.02,0,94,430.03,278.01
20/01/2022 06.15 PM,80.34,501.49,0,94,581.83,80.34
20/01/2022 06.30 PM,0,"1,311.05",0,92,"1,311.05",0
20/01/2022 06.45 PM,0,"1,324.54",0,91,"1,324.54",0
20/01/2022 07.00 PM,0,"1,435.63",0,89,"1,435.63",0
20/01/2022 07.15 PM,0,"1,606.57",0,87,"1,606.57",0
20/01/2022 07.30 PM,0,"1,622.31",0,85,"1,622.31",0
20/01/2022 07.45 PM,0,"1,673.58",0,83,"1,673.58",0
20/01/2022 08.00 PM,0,"1,650.86",0,81,"1,650.86",0
20/01/2022 08.15 PM,0,"1,759.86",0,79,"1,759.86",0
20/01/2022 08.30 PM,0,"1,658.45",0,77,"1,658.45",0
20/01/2022 08.45 PM,0,"1,657.35",0,74,"1,657.35",0
20/01/2022 09.00 PM,0,"1,722.48",0,72,"1,722.48",0
20/01/2022 09.15 PM,0,"1,543.32",0,70,"1,543.32",0
20/01/2022 09.30 PM,0,"1,424.43",0,68,"1,424.43",0
20/01/2022 09.45 PM,0,"1,208.51",0,67,"1,208.51",0
20/01/2022 10.00 PM,0,"1,177.49",0,65,"1,177.49",0
20/01/2022 10.15 PM,0,"1,181.67",0,64,"1,181.67",0
20/01/2022 10.30 PM,0,"1,178.73",0,62,"1,178.73",0
20/01/2022 10.45 PM,0,"1,111.62",0,61,"1,111.62",0
20/01/2022 11.00 PM,0,"1,046.83",0,59,"1,046.83",0
20/01/2022 11.15 PM,0,933.77,0,58,933.77,0
20/01/2022 11.30 PM,0,867.76,0,57,867.76,0
20/01/2022 11.45 PM,0,891.12,0,55,891.12,0
21/01/2022 12.00 AM,0,865.89,0,54,865.89,0
21/01/2022 12.15 AM,0,843.36,0,53,843.36,0
21/01/2022 12.30 AM,0,806.32,0,52,806.32,0
21/01/2022 12.45 AM,0,795.03,0,51,795.03,0
21/01/2022 01.00 AM,0,834.09,0,50,834.09,0
21/01/2022 01.15 AM,0,852.3,0,49,852.3,0
21/01/2022 01.30 AM,0,864.13,0,47,864.13,0
21/01/2022 01.45 AM,0,822.77,0,46,822.77,0
21/01/2022 02.00 AM,0,741.68,0,45,741.68,0
21/01/2022 02.15 AM,0,817.68,0,44,817.68,0
21/01/2022 02.30 AM,0,806.57,0,43,806.57,0
21/01/2022 02.45 AM,0,756.82,0,42,756.82,0
21/01/2022 03.00 AM,0,695.77,0,41,695.77,0
21/01/2022 03.15 AM,0,774.14,0,40,774.14,0
21/01/2022 03.30 AM,0,772.04,0,39,772.04,0
21/01/2022 03.45 AM,0,701.61,0,38,701.61,0
21/01/2022 04.00 AM,0,721.53,0,37,721.53,0
21/01/2022 04.15 AM,0,761.41,0,36,761.41,0
21/01/2022 04.30 AM,0,691.53,0,35,691.53,0
21/01/2022 04.45 AM,0,718.78,0,34,718.78,0
21/01/2022 05.00 AM,0,764.12,0,33,764.12,0
21/01/2022 05.15 AM,0,649.64,0,32,649.64,0
21/01/2022 05.30 AM,0,628.56,0,31,628.56,0
21/01/2022 05.45 AM,22.44,431.31,0,30,453.75,22.44
21/01/2022 06.00 AM,213.52,236.58,1.16,30,450.1,214.68
21/01/2022 06.15 AM,354.11,9.46,106.08,24,363.57,460.18
21/01/2022 06.30 AM,359.81,0,473.97,24,359.81,833.78
21/01/2022 06.45 AM,411.89,0,870.99,25,411.89,"1,282.88"
21/01/2022 07.00 AM,311.88,0,"1,709.82",27,311.88,"2,021.70"
21/01/2022 07.15 AM,463.57,0,"1,979.00",29,463.57,"2,442.57"
21/01/2022 07.30 AM,583.26,0,"2,563.28",32,583.26,"3,146.54"
21/01/2022 07.45 AM,635.34,0,"3,360.53",36,635.34,"3,995.88"
21/01/2022 08.00 AM,612.59,0,"4,293.71",40,612.59,"4,906.31"
21/01/2022 08.15 AM,686.81,0,"4,441.36",45,686.81,"5,128.17"
21/01/2022 08.30 AM,710.43,0,"5,554.58",51,710.43,"6,265.01"
21/01/2022 08.45 AM,719.18,0,"6,000.26",57,719.18,"6,719.44"
21/01/2022 09.00 AM,718.4,0,"5,998.41",64,718.4,"6,716.81"
21/01/2022 09.15 AM,702.31,0,"6,003.27",70,702.31,"6,705.57"
21/01/2022 09.30 AM,702.66,0,"5,783.84",76,702.66,"6,486.51"
21/01/2022 09.45 AM,699.78,0,"5,998.68",82,699.78,"6,698.47"
21/01/2022 10.00 AM,716.02,0,"3,150.06",87,716.02,"3,866.08"
21/01/2022 10.15 AM,784.66,0,744.11,96,784.66,"1,528.77"
21/01/2022 10.30 AM,815.48,0,328.77,96,815.48,"1,144.25"
21/01/2022 10.45 AM,865.29,0,179.96,97,865.29,"1,045.26"
21/01/2022 11.00 AM,850.62,0,114.4,97,850.62,965.02
21/01/2022 11.15 AM,817.66,0,88.66,97,817.66,906.32
21/01/2022 11.30 AM,872.46,0,106.37,97,872.46,978.83
21/01/2022 11.45 AM,915.86,0.59,54.62,96,916.44,970.48
21/01/2022 12.00 PM,924.96,1.55,43.31,95,926.51,968.26
21/01/2022 12.15 PM,918.8,4.1,35.11,95,922.9,953.91
21/01/2022 12.30 PM,913.38,7.44,72.21,95,920.82,985.59
21/01/2022 12.45 PM,783.04,129.39,33.81,95,912.44,816.85
21/01/2022 01.00 PM,826.86,77.56,0,95,904.41,826.86
21/01/2022 01.15 PM,915.08,3.07,39.45,94,918.14,954.53
21/01/2022 01.30 PM,990.19,0.53,245.57,94,990.73,"1,235.76"
21/01/2022 01.45 PM,"1,004.16",0,118.29,94,"1,004.16","1,122.44"
21/01/2022 02.00 PM,957.46,3.29,66.59,94,960.74,"1,024.05"
21/01/2022 02.15 PM,981.23,0.59,66.39,94,981.82,"1,047.62"
21/01/2022 02.30 PM,991.78,4.32,30.81,94,996.09,"1,022.58"
21/01/2022 02.45 PM,994.28,4.08,29.44,94,998.36,"1,023.72"
21/01/2022 03.00 PM,917.57,38.79,47.84,94,956.37,965.41
21/01/2022 03.15 PM,993.26,0,71.46,94,993.26,"1,064.72"
21/01/2022 03.30 PM,932.64,12.89,50.92,94,945.53,983.56
21/01/2022 03.45 PM,847.13,32.23,0,94,879.36,847.13
21/01/2022 04.00 PM,816.34,68.77,23.23,94,885.11,839.57
21/01/2022 04.15 PM,878.56,0,200.88,94,878.56,"1,079.44"
21/01/2022 04.30 PM,823.4,0,114.38,94,823.4,937.78
21/01/2022 04.45 PM,756.8,15.14,4.13,94,771.94,760.93
21/01/2022 05.00 PM,741.87,5.92,34.22,94,747.79,776.09
21/01/2022 05.15 PM,739.16,14.94,7.74,94,754.1,746.89
21/01/2022 05.30 PM,614.09,108.68,0,94,722.77,614.09
21/01/2022 05.45 PM,396,317.02,0,94,713.02,396
21/01/2022 06.00 PM,171.27,545.52,0,93,716.79,171.27
21/01/2022 06.15 PM,41.58,708.27,0,92,749.84,41.58
21/01/2022 06.30 PM,0,716.18,0,91,716.18,0
21/01/2022 06.45 PM,0,846.88,0,90,846.88,0
21/01/2022 07.00 PM,0,"1,138.98",0,89,"1,138.98",0
21/01/2022 07.15 PM,0,"1,596.39",0,87,"1,596.39",0
21/01/2022 07.30 PM,0,"1,253.59",0,86,"1,253.59",0
21/01/2022 07.45 PM,0,"1,203.48",0,84,"1,203.48",0
21/01/2022 08.00 PM,0,"1,362.20",0,82,"1,362.20",0
21/01/2022 08.15 PM,0,"1,352.84",0,81,"1,352.84",0
21/01/2022 08.30 PM,0,"1,342.56",0,79,"1,342.56",0
21/01/2022 08.45 PM,0,"1,363.26",0,77,"1,363.26",0
21/01/2022 09.00 PM,0,"1,310.61",0,76,"1,310.61",0
21/01/2022 09.15 PM,0,"1,241.02",0,74,"1,241.02",0
21/01/2022 09.30 PM,0,"1,162.72",0,72,"1,162.72",0
21/01/2022 09.45 PM,0,"1,058.78",0,71,"1,058.78",0
21/01/2022 10.00 PM,0,962.96,0,70,962.96,0
21/01/2022 10.15 PM,0,916.19,0,68,916.19,0
21/01/2022 10.30 PM,0,887.87,0,67,887.87,0
21/01/2022 10.45 PM,0,869.84,0,66,869.84,0
21/01/2022 11.00 PM,0,817.73,0,65,817.73,0
21/01/2022 11.15 PM,0,787.61,0,64,787.61,0
21/01/2022 11.30 PM,0,758.81,0,63,758.81,0
21/01/2022 11.45 PM,0,761.41,0,62,761.41,0
22/01/2022 12.00 AM,0,744.36,0,61,744.36,0
22/01/2022 12.15 AM,0,738.71,0,60,738.71,0
22/01/2022 12.30 AM,0,733.46,0,59,733.46,0
22/01/2022 12.45 AM,0,715.88,0,58,715.88,0
22/01/2022 01.00 AM,0,710.01,0,57,710.01,0
22/01/2022 01.15 AM,0,690.56,0,56,690.56,0
22/01/2022 01.30 AM,0,672.21,0,55,672.21,0
22/01/2022 01.45 AM,0,671.28,0,54,671.28,0
22/01/2022 02.00 AM,0,705.88,0,53,705.88,0
22/01/2022 02.15 AM,0,673.93,0,52,673.93,0
22/01/2022 02.30 AM,0,664.96,0,51,664.96,0
22/01/2022 02.45 AM,0,649.76,0,50,649.76,0
22/01/2022 03.00 AM,0,611.15,0,50,611.15,0
22/01/2022 03.15 AM,0,618.04,0,49,618.04,0
22/01/2022 03.30 AM,0,620.47,0,48,620.47,0
22/01/2022 03.45 AM,0,632.23,0,47,632.23,0
22/01/2022 04.00 AM,0,632.24,0,46,632.24,0
22/01/2022 04.15 AM,0,631.34,0,45,631.34,0
22/01/2022 04.30 AM,0,634.49,0,44,634.49,0
22/01/2022 04.45 AM,0,620.19,0,44,620.19,0
22/01/2022 05.00 AM,0,614.11,0,43,614.11,0
22/01/2022 05.15 AM,0,615.71,0,42,615.71,0
22/01/2022 05.30 AM,0,568.96,0,41,568.96,0
22/01/2022 05.45 AM,40.89,385.08,0,40,425.98,40.89
22/01/2022 06.00 AM,261.06,63.65,19.46,40,324.71,280.51
22/01/2022 06.15 AM,241.43,0,321.58,40,241.43,563.01
22/01/2022 06.30 AM,183.59,0,734.14,41,183.59,917.74
22/01/2022 06.45 AM,160.83,0,"1,326.61",42,160.83,"1,487.44"
22/01/2022 07.00 AM,137.63,0,"1,918.11",44,137.63,"2,055.73"
22/01/2022 07.15 AM,188.2,0,"2,497.68",47,188.2,"2,685.88"
22/01/2022 07.30 AM,204.82,0,"3,276.71",50,204.82,"3,481.53"
22/01/2022 07.45 AM,292.94,0,"3,799.97",55,292.94,"4,092.91"
22/01/2022 08.00 AM,363.24,0,"4,371.67",59,363.24,"4,734.92"
22/01/2022 08.15 AM,400.94,0,"4,872.86",64,400.94,"5,273.80"
22/01/2022 08.30 AM,440.68,0,"5,525.49",70,440.68,"5,966.17"
22/01/2022 08.45 AM,505.49,0,"5,957.87",76,505.49,"6,463.36"
22/01/2022 09.00 AM,521.43,0,"5,997.12",83,521.43,"6,518.54"
22/01/2022 09.15 AM,569.59,0,"5,998.54",89,569.59,"6,568.14"
22/01/2022 09.30 AM,481.79,0,"2,510.48",94,481.79,"2,992.28"
22/01/2022 09.45 AM,469.61,0,631.88,96,469.61,"1,101.49"
22/01/2022 10.00 AM,475,0,278.17,97,475,753.17
22/01/2022 10.15 AM,492.67,0,162.37,97,492.67,655.03
22/01/2022 10.30 AM,420.59,0,103.77,97,420.59,524.36
22/01/2022 10.45 AM,352.82,0.03,79.88,96,352.84,432.69
22/01/2022 11.00 AM,349.21,0,68.64,95,349.21,417.84
22/01/2022 11.15 AM,388.39,0.13,42.24,95,388.52,430.64
22/01/2022 11.30 AM,406.62,0.56,37.55,95,407.18,444.17
22/01/2022 11.45 AM,399.59,0.71,32.94,95,400.3,432.54
22/01/2022 12.00 PM,373.61,3.42,36.92,95,377.03,410.52
22/01/2022 12.15 PM,406.18,3.42,33.17,95,409.6,439.34
22/01/2022 12.30 PM,403.47,3.66,32.1,95,407.12,435.57
22/01/2022 12.45 PM,423.87,0.19,43.66,95,424.07,467.53
22/01/2022 01.00 PM,421.73,0.56,43.47,95,422.28,465.2
22/01/2022 01.15 PM,460.29,1.82,38.82,95,462.12,499.11
22/01/2022 01.30 PM,463.36,1.3,36.58,95,464.66,499.94
22/01/2022 01.45 PM,439.68,0.65,42.83,95,440.33,482.51
22/01/2022 02.00 PM,426.53,0.08,48.74,95,426.6,475.27
22/01/2022 02.15 PM,441.91,0.47,39.66,95,442.38,481.57
22/01/2022 02.30 PM,436.68,1.49,42.1,95,438.17,478.78
22/01/2022 02.45 PM,416.15,0,46.45,95,416.15,462.6
22/01/2022 03.00 PM,429.97,0.08,48.75,95,430.05,478.72
22/01/2022 03.15 PM,346.58,1.44,41.35,95,348.02,387.93
22/01/2022 03.30 PM,303.03,0.3,58.62,95,303.33,361.65
22/01/2022 03.45 PM,332.62,0,51.28,95,332.62,383.9
22/01/2022 04.00 PM,324.18,0,57.57,95,324.18,381.75
22/01/2022 04.15 PM,313.41,0,60.42,95,313.41,373.83
22/01/2022 04.30 PM,367.54,0,68.87,95,367.54,436.41
22/01/2022 04.45 PM,344.57,0,59.85,95,344.57,404.42
22/01/2022 05.00 PM,360.87,0,67.47,96,360.87,428.34
22/01/2022 05.15 PM,370.6,0,79.12,96,370.6,449.72
22/01/2022 05.30 PM,354.4,0,95.84,96,354.4,450.24
22/01/2022 05.45 PM,331.36,1.11,99.33,96,332.47,430.69
22/01/2022 06.00 PM,172.52,170.06,0,96,342.57,172.52
22/01/2022 06.15 PM,22.24,352.7,0,95,374.94,22.24
22/01/2022 06.30 PM,0,457.84,0,95,457.84,0
22/01/2022 06.45 PM,0,566.26,0,94,566.26,0
22/01/2022 07.00 PM,0,819.67,0,93,819.67,0
22/01/2022 07.15 PM,0,"1,138.01",0,92,"1,138.01",0
22/01/2022 07.30 PM,0,"1,258.38",0,90,"1,258.38",0
22/01/2022 07.45 PM,0,"1,302.56",0,89,"1,302.56",0
22/01/2022 08.00 PM,0,"1,316.93",0,87,"1,316.93",0
22/01/2022 08.15 PM,0,"1,340.64",0,85,"1,340.64",0
22/01/2022 08.30 PM,0,"1,307.30",0,84,"1,307.30",0
22/01/2022 08.45 PM,0,"1,271.51",0,82,"1,271.51",0
22/01/2022 09.00 PM,0,"1,258.03",0,81,"1,258.03",0
22/01/2022 09.15 PM,0,"1,162.86",0,79,"1,162.86",0
22/01/2022 09.30 PM,0,"1,118.29",0,78,"1,118.29",0
22/01/2022 09.45 PM,0,"1,044.32",0,76,"1,044.32",0
22/01/2022 10.00 PM,0,954.97,0,75,954.97,0
22/01/2022 10.15 PM,0,865.17,0,74,865.17,0
22/01/2022 10.30 PM,0,810.6,0,73,810.6,0
22/01/2022 10.45 PM,0,744.81,0,72,744.81,0
22/01/2022 11.00 PM,0,729.87,0,71,729.87,0
22/01/2022 11.15 PM,0,669.84,0,70,669.84,0
22/01/2022 11.30 PM,0,661.02,0,69,661.02,0
22/01/2022 11.45 PM,0,667.38,0,68,667.38,0
23/01/2022 12.00 AM,0,666.74,0,67,666.74,0
23/01/2022 12.15 AM,0,637.73,0,66,637.73,0
23/01/2022 12.30 AM,0,630.49,0,65,630.49,0
23/01/2022 12.45 AM,0,638.27,0,65,638.27,0
23/01/2022 01.00 AM,0,644.15,0,64,644.15,0
23/01/2022 01.15 AM,0,635.42,0,63,635.42,0
23/01/2022 01.30 AM,0,633.42,0,62,633.42,0
23/01/2022 01.45 AM,0,632.22,0,61,632.22,0
23/01/2022 02.00 AM,0,636.84,0,60,636.84,0
23/01/2022 02.15 AM,0,635.15,0,59,635.15,0
23/01/2022 02.30 AM,0,633.36,0,59,633.36,0
23/01/2022 02.45 AM,0,631.84,0,58,631.84,0
23/01/2022 03.00 AM,0,623.32,0,57,623.32,0
23/01/2022 03.15 AM,0,616.34,0,56,616.34,0
23/01/2022 03.30 AM,0,620.97,0,55,620.97,0
23/01/2022 03.45 AM,0,630.21,0,54,630.21,0
23/01/2022 04.00 AM,0,620.69,0,53,620.69,0
23/01/2022 04.15 AM,0,592.06,0,53,592.06,0
23/01/2022 04.30 AM,0,598.75,0,52,598.75,0
23/01/2022 04.45 AM,0,591.87,0,51,591.87,0
23/01/2022 05.00 AM,0,582.89,0,50,582.89,0
23/01/2022 05.15 AM,0,514.08,0,49,514.08,0
23/01/2022 05.30 AM,0,443.97,0,49,443.97,0
23/01/2022 05.45 AM,10.17,417.23,0,48,427.39,10.17
23/01/2022 06.00 AM,215.87,183.62,0,48,399.49,215.87
23/01/2022 06.15 AM,380.35,7.11,144.12,48,387.46,524.47
23/01/2022 06.30 AM,359.66,0,488.84,48,359.66,848.5
23/01/2022 06.45 AM,280.93,0,940.32,49,280.93,"1,221.24"
23/01/2022 07.00 AM,178.42,0,"1,502.47",51,178.42,"1,680.89"
23/01/2022 07.15 AM,263.86,0,"1,954.55",53,263.86,"2,218.41"
23/01/2022 07.30 AM,204.61,0,"2,593.64",55,204.61,"2,798.25"
23/01/2022 07.45 AM,220.28,0,"2,981.51",59,220.28,"3,201.79"
23/01/2022 08.00 AM,293.82,0,"3,237.77",62,293.82,"3,531.59"
23/01/2022 08.15 AM,389.61,0,"3,724.28",66,389.61,"4,113.89"
23/01/2022 08.30 AM,423.67,0,"4,249.17",71,423.67,"4,672.84"
23/01/2022 08.45 AM,470.26,0,"4,890.54",76,470.26,"5,360.79"
23/01/2022 09.00 AM,533.98,0,"5,455.66",81,533.98,"5,989.64"
23/01/2022 09.15 AM,534.51,0,"5,926.64",87,534.51,"6,461.16"
23/01/2022 09.30 AM,515.83,0,"5,133.83",93,515.83,"5,649.66"
23/01/2022 09.45 AM,488.01,0,898.68,96,488.01,"1,386.68"
23/01/2022 10.00 AM,557.63,0,338.73,96,557.63,896.36
23/01/2022 10.15 AM,603.07,0.16,160.57,96,603.23,763.64
23/01/2022 10.30 AM,618.53,0,127.51,96,618.53,746.03
23/01/2022 10.45 AM,624.12,0,122.24,97,624.12,746.37
23/01/2022 11.00 AM,623.28,0,94.72,97,623.28,718
23/01/2022 11.15 AM,667.44,3.43,34.18,96,670.88,701.62
23/01/2022 11.30 AM,659.37,1.48,38.99,95,660.85,698.36
23/01/2022 11.45 AM,674.99,3.83,22.58,95,678.82,697.57
23/01/2022 12.00 PM,704.19,10.12,6.72,95,714.31,710.91
23/01/2022 12.15 PM,718.86,15.56,2.06,95,734.42,720.92
23/01/2022 12.30 PM,708.61,13.92,7.02,95,722.53,715.62
23/01/2022 12.45 PM,660.35,1.78,39.24,95,662.13,699.59
23/01/2022 01.00 PM,699.5,7.02,17.17,95,706.52,716.67
23/01/2022 01.15 PM,646.12,0.39,56.48,94,646.51,702.59
23/01/2022 01.30 PM,632.93,0,63.84,94,632.93,696.77
23/01/2022 01.45 PM,642.34,0,55.68,94,642.34,698.02
23/01/2022 02.00 PM,660.19,0,45.97,94,660.19,706.17
23/01/2022 02.15 PM,696.02,6.89,19.15,94,702.91,715.17
23/01/2022 02.30 PM,673.42,2.49,31.41,94,675.91,704.82
23/01/2022 02.45 PM,666.02,2.84,41.26,94,668.86,707.28
23/01/2022 03.00 PM,692.36,7.34,16.85,94,699.7,709.21
23/01/2022 03.15 PM,683.63,4.85,23.02,94,688.48,706.65
23/01/2022 03.30 PM,664.36,0.81,39.47,94,665.17,703.82
23/01/2022 03.45 PM,649.81,0,57.13,94,649.81,706.94
23/01/2022 04.00 PM,643.63,0,56.06,94,643.63,699.68
23/01/2022 04.15 PM,656.63,0.18,57.72,94,656.81,714.35
23/01/2022 04.30 PM,424.32,238.87,83.18,94,663.19,507.5
23/01/2022 04.45 PM,448.83,244.79,85.57,94,693.63,534.41
23/01/2022 05.00 PM,466.99,216.76,0,93,683.75,466.99
23/01/2022 05.15 PM,704.77,1.62,178.64,93,706.38,883.41
23/01/2022 05.30 PM,638.39,0,511.46,94,638.39,"1,149.85"
23/01/2022 05.45 PM,569.25,72.12,92.53,94,641.37,661.78
23/01/2022 06.00 PM,265.82,340.02,0,94,605.84,265.82
23/01/2022 06.15 PM,26.02,613.42,0,93,639.44,26.02
23/01/2022 06.30 PM,0,710.93,0,92,710.93,0
23/01/2022 06.45 PM,0,861.71,0,91,861.71,0
23/01/2022 07.00 PM,0,"1,196.34",0,90,"1,196.34",0
23/01/2022 07.15 PM,0,"1,563.33",0,88,"1,563.33",0
23/01/2022 07.30 PM,0,"1,609.83",0,86,"1,609.83",0
23/01/2022 07.45 PM,0,"1,588.97",0,84,"1,588.97",0
23/01/2022 08.00 PM,0,"1,568.34",0,82,"1,568.34",0
23/01/2022 08.15 PM,0,"1,656.75",0,80,"1,656.75",0
23/01/2022 08.30 PM,0,"1,664.04",0,78,"1,664.04",0
23/01/2022 08.45 PM,0,"1,640.02",0,76,"1,640.02",0
23/01/2022 09.00 PM,0,"1,531.52",0,74,"1,531.52",0
23/01/2022 09.15 PM,0,"1,569.66",0,72,"1,569.66",0
23/01/2022 09.30 PM,0,"1,390.61",0,70,"1,390.61",0
23/01/2022 09.45 PM,0,"1,241.57",0,68,"1,241.57",0
23/01/2022 10.00 PM,0,"1,140.72",0,67,"1,140.72",0
23/01/2022 10.15 PM,0,"1,100.55",0,65,"1,100.55",0
23/01/2022 10.30 PM,0,"1,049.97",0,64,"1,049.97",0
23/01/2022 10.45 PM,0,"1,015.92",0,62,"1,015.92",0
23/01/2022 11.00 PM,0,995.07,0,61,995.07,0
23/01/2022 11.15 PM,0,956.45,0,60,956.45,0
23/01/2022 11.30 PM,0,947.13,0,59,947.13,0
23/01/2022 11.45 PM,0,904.88,0,57,904.88,0
24/01/2022 12.00 AM,0,905.11,0,56,905.11,0
24/01/2022 12.15 AM,0,900.73,0,55,900.73,0
24/01/2022 12.30 AM,0,893.67,0,54,893.67,0
24/01/2022 12.45 AM,0,840.96,0,52,840.96,0
24/01/2022 01.00 AM,0,848.77,0,51,848.77,0
24/01/2022 01.15 AM,0,832.08,0,50,832.08,0
24/01/2022 01.30 AM,0,837.54,0,49,837.54,0
24/01/2022 01.45 AM,0,844.52,0,48,844.52,0
24/01/2022 02.00 AM,0,837.93,0,47,837.93,0
24/01/2022 02.15 AM,0,778.68,0,46,778.68,0
24/01/2022 02.30 AM,0,770.03,0,45,770.03,0
24/01/2022 02.45 AM,0,759.68,0,44,759.68,0
24/01/2022 03.00 AM,0,768.32,0,43,768.32,0
24/01/2022 03.15 AM,0,755.74,0,41,755.74,0
24/01/2022 03.30 AM,0,732.87,0,40,732.87,0
24/01/2022 03.45 AM,0,735.08,0,39,735.08,0
24/01/2022 04.00 AM,0,720.07,0,38,720.07,0
24/01/2022 04.15 AM,0,675.15,0,37,675.15,0
24/01/2022 04.30 AM,0,678.86,0,37,678.86,0
24/01/2022 04.45 AM,0,697.77,0,36,697.77,0
24/01/2022 05.00 AM,0,698.47,0,35,698.47,0
24/01/2022 05.15 AM,0,736.71,0,34,736.71,0
24/01/2022 05.30 AM,0,694.21,0,33,694.21,0
24/01/2022 05.45 AM,0,528.06,0,32,528.06,0
24/01/2022 06.00 AM,28.49,348.18,0,31,376.67,28.49
24/01/2022 06.15 AM,36.18,277.57,0,31,313.75,36.18
24/01/2022 06.30 AM,176.34,92.41,4.73,31,268.76,181.08
24/01/2022 06.45 AM,290.27,35.57,15.59,24,325.83,305.86
24/01/2022 07.00 AM,325.14,35.64,13.99,24,360.78,339.14
24/01/2022 07.15 AM,381.02,2.86,64.68,20,383.88,445.7
24/01/2022 07.30 AM,375.18,2.64,55.28,20,377.83,430.47
24/01/2022 07.45 AM,401.69,3.46,52.03,20,405.14,453.72
24/01/2022 08.00 AM,214.71,234.67,9.97,20,449.38,224.67
24/01/2022 08.15 AM,424.94,17.56,1.24,20,442.5,426.18
24/01/2022 08.30 AM,323.52,67.25,0,20,390.77,323.52
24/01/2022 08.45 AM,252.16,168.74,0,19,420.9,252.16
24/01/2022 09.00 AM,353.81,62.69,3.44,19,416.49,357.24
24/01/2022 09.15 AM,381.48,0,145.31,19,381.48,526.79
24/01/2022 09.30 AM,389.48,0,180.97,19,389.48,570.45
24/01/2022 09.45 AM,402.7,0,273.86,20,402.7,676.56
24/01/2022 10.00 AM,433.31,0,204.74,20,433.31,638.05
24/01/2022 10.15 AM,433.98,0,244.62,20,433.98,678.59
24/01/2022 10.30 AM,441.72,0,573.43,21,441.72,"1,015.16"
24/01/2022 10.45 AM,442.09,0,334.53,21,442.09,776.62
24/01/2022 11.00 AM,453.57,0,393.57,22,453.57,847.14
24/01/2022 11.15 AM,462.75,0,543.58,22,462.75,"1,006.33"
24/01/2022 11.30 AM,478.25,0,758.78,23,478.25,"1,237.03"
24/01/2022 11.45 AM,444.63,0,810.39,24,444.63,"1,255.02"
24/01/2022 12.00 PM,440.15,0,825.44,25,440.15,"1,265.59"
24/01/2022 12.15 PM,407.59,0,821.25,26,407.59,"1,228.84"
24/01/2022 12.30 PM,330.72,0,688.08,27,330.72,"1,018.79"
24/01/2022 12.45 PM,326.44,0,404.95,27,326.44,731.39
24/01/2022 01.00 PM,362.38,0,470.84,28,362.38,833.23
24/01/2022 01.15 PM,373.72,0,740.83,29,373.72,"1,114.54"
24/01/2022 01.30 PM,438.93,0,766.81,29,438.93,"1,205.74"
24/01/2022 01.45 PM,457.89,0,880.11,30,457.89,"1,338.01"
24/01/2022 02.00 PM,461.85,0,796.25,31,461.85,"1,258.11"
24/01/2022 02.15 PM,466.05,0,501.39,32,466.05,967.44
24/01/2022 02.30 PM,501.78,0,319.37,33,501.78,821.14
24/01/2022 02.45 PM,524.82,4.2,63.34,33,529.02,588.16
24/01/2022 03.00 PM,471.33,11.52,28.91,35,482.86,500.24
24/01/2022 03.15 PM,351.87,139.97,0,35,491.83,351.87
24/01/2022 03.30 PM,288.03,198.2,0,35,486.23,288.03
24/01/2022 03.45 PM,231.72,264.67,0,35,496.39,231.72
24/01/2022 04.00 PM,130.18,409.5,0,34,539.68,130.18
24/01/2022 04.15 PM,142.33,416.73,0,33,559.07,142.33
24/01/2022 04.30 PM,112.67,413.77,0,33,526.44,112.67
24/01/2022 04.45 PM,52.8,383.76,0,32,436.56,52.8
24/01/2022 05.00 PM,34.46,380.86,0,32,415.31,34.46
24/01/2022 05.15 PM,8.11,469.49,0,31,477.6,8.11
24/01/2022 05.30 PM,0,499.93,0,30,499.93,0
24/01/2022 05.45 PM,0,499.62,0,30,499.62,0
24/01/2022 06.00 PM,0,521.64,0,29,521.64,0
24/01/2022 06.15 PM,0,592.97,0,28,592.97,0
24/01/2022 06.30 PM,0,671.09,0,27,671.09,0
24/01/2022 06.45 PM,0,974.2,0,26,974.2,0
24/01/2022 07.00 PM,0,"1,350.24",0,25,"1,350.24",0
24/01/2022 07.15 PM,0,"1,507.71",0,23,"1,507.71",0
24/01/2022 07.30 PM,0,"1,517.62",0,20,"1,517.62",0
24/01/2022 07.45 PM,0,"1,501.14",0,18,"1,501.14",0
24/01/2022 08.00 PM,0,"1,453.56",0,16,"1,453.56",0
24/01/2022 08.15 PM,0,'-,0,'-,'-,0
24/01/2022 08.30 PM,784,0,0,13,784,784
24/01/2022 08.45 PM,956,0,0,13,956,956
24/01/2022 09.00 PM,"1,168.00",0,0,13,"1,168.00","1,168.00"
24/01/2022 09.15 PM,"1,264.00",0,0,13,"1,264.00","1,264.00"
24/01/2022 09.30 PM,"1,256.00",0,0,13,"1,256.00","1,256.00"
24/01/2022 09.45 PM,"1,256.00",0,0,13,"1,256.00","1,256.00"
24/01/2022 10.00 PM,"1,108.00",0,0,13,"1,108.00","1,108.00"
24/01/2022 10.15 PM,808,0,0,13,808,808
24/01/2022 10.30 PM,752,0,0,13,752,752
24/01/2022 10.45 PM,"1,028.00",0,0,13,"1,028.00","1,028.00"
24/01/2022 11.00 PM,"1,192.00",0,0,13,"1,192.00","1,192.00"
24/01/2022 11.15 PM,"1,292.00",0,0,13,"1,292.00","1,292.00"
24/01/2022 11.30 PM,"1,312.00",0,0,13,"1,312.00","1,312.00"
24/01/2022 11.45 PM,"1,092.00",0,0,13,"1,092.00","1,092.00"
25/01/2022 12.00 AM,856,0,0,13,856,856
25/01/2022 12.15 AM,644,0,0,13,644,644
25/01/2022 12.30 AM,528,0,0,13,528,528
25/01/2022 12.45 AM,400,0,0,13,400,400
25/01/2022 01.00 AM,304,0,0,13,304,304
25/01/2022 01.15 AM,252,0,0,13,252,252
25/01/2022 01.30 AM,156,0,0,13,156,156
25/01/2022 01.45 AM,128,0,0,13,128,128
25/01/2022 02.00 AM,136,0,0,13,136,136
25/01/2022 02.15 AM,68,0,0,13,68,68
25/01/2022 02.30 AM,36,0,0,13,36,36
25/01/2022 02.45 AM,20,0,0,13,20,20
25/01/2022 03.00 AM,0,0,0,13,0,0
25/01/2022 03.15 AM,0,0,0,13,0,0
25/01/2022 03.30 AM,0,0,0,13,0,0
25/01/2022 03.45 AM,0,0,0,13,0,0
25/01/2022 04.00 AM,0,0,0,12,0,0
25/01/2022 04.15 AM,0,0,0,12,0,0
25/01/2022 04.30 AM,0,0,0,12,0,0
25/01/2022 04.45 AM,0,0,0,12,0,0
25/01/2022 05.00 AM,0,0,0,12,0,0
25/01/2022 05.15 AM,0,0,0,12,0,0
25/01/2022 05.30 AM,0,0,0,12,0,0
25/01/2022 05.45 AM,0,0,0,12,0,0
25/01/2022 06.00 AM,0,0,0,12,0,0
25/01/2022 06.15 AM,0,0,0,12,0,0
25/01/2022 06.30 AM,0,0,0,12,0,0
25/01/2022 06.45 AM,0,0,0,12,0,0
25/01/2022 07.00 AM,0,0,0,12,0,0
25/01/2022 07.15 AM,0,0,0,12,0,0
25/01/2022 07.30 AM,0,0,0,12,0,0
25/01/2022 07.45 AM,0,0,0,12,0,0
25/01/2022 08.00 AM,0,2.2,"2,629.65",9,0,"2,107.08"
25/01/2022 08.15 AM,0,0,"3,098.92",17,0,"3,084.62"
25/01/2022 08.30 AM,0,0,"2,841.92",21,0,"2,823.35"
25/01/2022 08.45 AM,0,0,"2,880.23",24,0,"2,862.59"
25/01/2022 09.00 AM,0,0,"3,093.79",28,0,"3,077.09"
25/01/2022 09.15 AM,0,0,"2,566.71",31,0,"2,542.78"
25/01/2022 09.30 AM,0,0,"1,965.46",33,0,"1,942.44"
25/01/2022 09.45 AM,0,0,"3,078.29",36,0,"3,066.06"
25/01/2022 10.00 AM,3.43,0,"3,902.51",41,3.43,"3,905.94"
25/01/2022 10.15 AM,57.16,0,"4,886.03",46,57.16,"4,943.19"
25/01/2022 10.30 AM,48.26,0,"4,363.86",51,48.26,"4,412.12"
25/01/2022 10.45 AM,44.52,0,"4,255.92",56,44.52,"4,300.44"
25/01/2022 11.00 AM,52.31,0,"4,217.13",60,52.31,"4,269.44"
25/01/2022 11.15 AM,92.14,0,"5,712.81",66,92.14,"5,804.96"
25/01/2022 11.30 AM,80.29,0,"5,385.04",72,80.29,"5,465.33"
25/01/2022 11.45 AM,76.36,0,"5,531.53",77,76.36,"5,607.89"
25/01/2022 12.00 PM,62.94,0,"4,520.15",83,62.94,"4,583.09"
25/01/2022 12.15 PM,285.46,0,578.55,96,285.46,864.01
25/01/2022 12.30 PM,379.11,0,396.75,96,379.11,775.86
25/01/2022 12.45 PM,435.16,0,251.77,96,435.16,686.93
25/01/2022 01.00 PM,468.71,0,138.39,97,468.71,607.1
25/01/2022 01.15 PM,491.47,0,95.57,97,491.47,587.03
25/01/2022 01.30 PM,498.31,0,85.53,96,498.31,583.84
25/01/2022 01.45 PM,482.96,0,92.02,95,482.96,574.98
25/01/2022 02.00 PM,463.11,2.39,55.23,95,465.49,518.34
25/01/2022 02.15 PM,478.25,2.94,36.88,95,481.19,515.13
25/01/2022 02.30 PM,446.98,0,60.61,95,446.98,507.59
25/01/2022 02.45 PM,446.14,0,59.97,95,446.14,506.11
25/01/2022 03.00 PM,458.96,0,52.08,95,458.96,511.04
25/01/2022 03.15 PM,899.52,159.79,4.84,95,"1,059.31",904.36
25/01/2022 03.30 PM,"1,078.13",0.31,64.27,94,"1,078.43","1,142.39"
25/01/2022 03.45 PM,947.83,0,139.59,94,947.83,"1,087.43"
25/01/2022 04.00 PM,829.97,0,187.4,94,829.97,"1,017.37"
25/01/2022 04.15 PM,768.24,0,99.06,94,768.24,867.29
25/01/2022 04.30 PM,738.98,0.92,39.58,94,739.9,778.57
25/01/2022 04.45 PM,733.92,2.38,68.05,94,736.3,801.97
25/01/2022 05.00 PM,638.48,72.66,35.49,94,711.13,673.97
25/01/2022 05.15 PM,572.5,217.63,15.38,94,790.13,587.88
25/01/2022 05.30 PM,620.89,116.91,58,93,737.8,678.89
25/01/2022 05.45 PM,422.68,411.2,0,93,833.88,422.68
25/01/2022 06.00 PM,199.74,497.51,0,93,697.24,199.74
25/01/2022 06.15 PM,30.43,721.03,0,92,751.46,30.43
25/01/2022 06.30 PM,0,547.79,0,91,547.79,0
25/01/2022 06.45 PM,0,647.5,0,90,647.5,0
25/01/2022 07.00 PM,0,"1,016.64",0,89,"1,016.64",0
25/01/2022 07.15 PM,0,"1,158.43",0,88,"1,158.43",0
25/01/2022 07.30 PM,0,"1,294.41",0,86,"1,294.41",0
25/01/2022 07.45 PM,0,"1,382.23",0,84,"1,382.23",0
25/01/2022 08.00 PM,0,"1,418.51",0,83,"1,418.51",0
25/01/2022 08.15 PM,0,"1,388.59",0,81,"1,388.59",0
25/01/2022 08.30 PM,0,"1,332.24",0,79,"1,332.24",0
25/01/2022 08.45 PM,0,"1,332.41",0,77,"1,332.41",0
25/01/2022 09.00 PM,0,"1,296.01",0,76,"1,296.01",0
25/01/2022 09.15 PM,0,"1,230.52",0,74,"1,230.52",0
25/01/2022 09.30 PM,0,"1,201.56",0,73,"1,201.56",0
25/01/2022 09.45 PM,0,"1,087.84",0,71,"1,087.84",0
25/01/2022 10.00 PM,0,"1,048.93",0,70,"1,048.93",0
25/01/2022 10.15 PM,0,965.93,0,68,965.93,0
25/01/2022 10.30 PM,0,921.19,0,67,921.19,0
25/01/2022 10.45 PM,0,870.47,0,66,870.47,0
25/01/2022 11.00 PM,0,832.98,0,65,832.98,0
25/01/2022 11.15 PM,0,782.09,0,64,782.09,0
25/01/2022 11.30 PM,0,748.56,0,63,748.56,0
25/01/2022 11.45 PM,0,724.36,0,62,724.36,0
26/01/2022 12.00 AM,0,709.94,0,61,709.94,0
26/01/2022 12.15 AM,0,704.04,0,60,704.04,0
26/01/2022 12.30 AM,0,704.93,0,59,704.93,0
26/01/2022 12.45 AM,0,718.78,0,58,718.78,0
26/01/2022 01.00 AM,0,702.57,0,57,702.57,0
26/01/2022 01.15 AM,0,669.34,0,56,669.34,0
26/01/2022 01.30 AM,0,659.97,0,55,659.97,0
26/01/2022 01.45 AM,0,665.95,0,54,665.95,0
26/01/2022 02.00 AM,0,662.63,0,53,662.63,0
26/01/2022 02.15 AM,0,664.71,0,52,664.71,0
26/01/2022 02.30 AM,0,665.73,0,52,665.73,0
26/01/2022 02.45 AM,0,664.03,0,51,664.03,0
26/01/2022 03.00 AM,0,662.82,0,50,662.82,0
26/01/2022 03.15 AM,0,644.94,0,49,644.94,0
26/01/2022 03.30 AM,0,623.52,0,48,623.52,0
26/01/2022 03.45 AM,0,623.71,0,47,623.71,0
26/01/2022 04.00 AM,0,617.18,0,46,617.18,0
26/01/2022 04.15 AM,0,611.2,0,45,611.2,0
26/01/2022 04.30 AM,0,627.97,0,44,627.97,0
26/01/2022 04.45 AM,0,645.41,0,44,645.41,0
26/01/2022 05.00 AM,0,650.89,0,43,650.89,0
26/01/2022 05.15 AM,0,629.97,0,42,629.97,0
26/01/2022 05.30 AM,0,598.45,0,41,598.45,0
26/01/2022 05.45 AM,0,476.92,0,40,476.92,0
26/01/2022 06.00 AM,45.77,335.29,0,40,381.06,45.77
26/01/2022 06.15 AM,135.89,190.77,0,39,326.67,135.89
26/01/2022 06.30 AM,191.37,187.54,72.34,39,378.91,263.71
26/01/2022 06.45 AM,289.01,31.64,427.7,39,320.64,716.71
26/01/2022 07.00 AM,285.28,0,"1,284.69",40,285.28,"1,569.97"
26/01/2022 07.15 AM,336.28,0,"1,299.84",42,336.28,"1,636.13"
26/01/2022 07.30 AM,354.33,0,"1,229.81",43,354.33,"1,584.14"
26/01/2022 07.45 AM,324.17,0,"1,811.10",45,324.17,"2,135.27"
26/01/2022 08.00 AM,361.43,0,"4,628.78",49,361.43,"4,990.21"
26/01/2022 08.15 AM,433.08,0,"5,800.27",55,433.08,"6,233.36"
26/01/2022 08.30 AM,443.75,0,"5,809.89",62,443.75,"6,253.64"
26/01/2022 08.45 AM,446.58,0,"6,007.64",68,446.58,"6,454.23"
26/01/2022 09.00 AM,435.63,0,"4,731.32",74,435.63,"5,166.96"
26/01/2022 09.15 AM,425.53,0,"5,415.61",79,425.53,"5,841.13"
26/01/2022 09.30 AM,411.61,0,"5,305.24",85,411.61,"5,716.85"
26/01/2022 09.45 AM,416.32,0,"4,879.02",90,416.32,"5,295.34"
26/01/2022 10.00 AM,378.79,0,"1,707.64",95,378.79,"2,086.43"
26/01/2022 10.15 AM,415.25,0,360.62,96,415.25,775.87
26/01/2022 10.30 AM,431.28,0,215.02,96,431.28,646.3
26/01/2022 10.45 AM,441.02,0,142.21,96,441.02,583.23
26/01/2022 11.00 AM,410.41,0,108.93,96,410.41,519.34
26/01/2022 11.15 AM,426.67,3.33,43.27,95,430.01,469.94
26/01/2022 11.30 AM,425.92,0,60.47,95,425.92,486.39
26/01/2022 11.45 AM,440.1,0.23,51.54,95,440.33,491.64
26/01/2022 12.00 PM,406.22,0,71.56,95,406.22,477.78
26/01/2022 12.15 PM,432.78,0,59.08,95,432.78,491.86
26/01/2022 12.30 PM,417.58,0,68.52,95,417.58,486.11
26/01/2022 12.45 PM,404.58,0,76.45,95,404.58,481.03
26/01/2022 01.00 PM,410.89,0,73.02,95,410.89,483.91
26/01/2022 01.15 PM,411.83,0,72.02,95,411.83,483.85
26/01/2022 01.30 PM,420.31,0.29,47.53,95,420.59,467.84
26/01/2022 01.45 PM,418.83,0.95,39.64,95,419.78,458.47
